{
  "version": "1.0.0",
  "files": {
    "en_Hello": {
      "filename": "en_Hello.mp3",
      "text": "Hello",
      "language": "en-US",
      "size": 8928
    },
    "en_Hello World": {
      "filename": "en_Hello_World.mp3",
      "text": "Hello World",
      "language": "en-US",
      "size": 11808
    },
    "en_The blackberry is dark and sweet.": {
      "filename": "en_The_blackberry_is_dark_and_sweet..mp3",
      "text": "The blackberry is dark and sweet.",
      "language": "en-US",
      "size": 16992
    },
    "en_The ant is carrying food to its nest.": {
      "filename": "en_The_ant_is_carrying_food_to_its_nest..mp3",
      "text": "The ant is carrying food to its nest.",
      "language": "en-US",
      "size": 18432
    },
    "en_The peach is pink and soft.": {
      "filename": "en_The_peach_is_pink_and_soft..mp3",
      "text": "The peach is pink and soft.",
      "language": "en-US",
      "size": 14688
    },
    "en_The rabbit is eating a carrot.": {
      "filename": "en_The_rabbit_is_eating_a_carrot..mp3",
      "text": "The rabbit is eating a carrot.",
      "language": "en-US",
      "size": 14976
    },
    "en_The panda is eating bamboo leaves.": {
      "filename": "en_The_panda_is_eating_bamboo_leaves..mp3",
      "text": "The panda is eating bamboo leaves.",
      "language": "en-US",
      "size": 16704
    },
    "en_The plum is purple and juicy.": {
      "filename": "en_The_plum_is_purple_and_juicy..mp3",
      "text": "The plum is purple and juicy.",
      "language": "en-US",
      "size": 15264
    },
    "en_The giraffe has a very long neck.": {
      "filename": "en_The_giraffe_has_a_very_long_neck..mp3",
      "text": "The giraffe has a very long neck.",
      "language": "en-US",
      "size": 16704
    },
    "en_The duck is swimming in the pond.": {
      "filename": "en_The_duck_is_swimming_in_the_pond..mp3",
      "text": "The duck is swimming in the pond.",
      "language": "en-US",
      "size": 15552
    },
    "en_cherry": {
      "filename": "en_cherry.mp3",
      "text": "cherry",
      "language": "en-US",
      "size": 8064
    },
    "en_The cherry is small and red.": {
      "filename": "en_The_cherry_is_small_and_red..mp3",
      "text": "The cherry is small and red.",
      "language": "en-US",
      "size": 14688
    },
    "en_gray": {
      "filename": "en_gray.mp3",
      "text": "gray",
      "language": "en-US",
      "size": 7776
    },
    "en_The cloud is gray.": {
      "filename": "en_The_cloud_is_gray..mp3",
      "text": "The cloud is gray.",
      "language": "en-US",
      "size": 10656
    },
    "en_yellow": {
      "filename": "en_yellow.mp3",
      "text": "yellow",
      "language": "en-US",
      "size": 8064
    },
    "en_twelve": {
      "filename": "en_twelve.mp3",
      "text": "twelve",
      "language": "en-US",
      "size": 8352
    },
    "en_There are twelve months in a year.": {
      "filename": "en_There_are_twelve_months_in_a_year..mp3",
      "text": "There are twelve months in a year.",
      "language": "en-US",
      "size": 15840
    },
    "en_brother": {
      "filename": "en_brother.mp3",
      "text": "brother",
      "language": "en-US",
      "size": 8640
    },
    "en_My brother is riding a bike.": {
      "filename": "en_My_brother_is_riding_a_bike..mp3",
      "text": "My brother is riding a bike.",
      "language": "en-US",
      "size": 14976
    },
    "en_pomegranate": {
      "filename": "en_pomegranate.mp3",
      "text": "pomegranate",
      "language": "en-US",
      "size": 11520
    },
    "en_The pomegranate is red and full of seeds.": {
      "filename": "en_The_pomegranate_is_red_and_full_of_seeds..mp3",
      "text": "The pomegranate is red and full of seeds.",
      "language": "en-US",
      "size": 20160
    },
    "en_orange": {
      "filename": "en_orange.mp3",
      "text": "orange",
      "language": "en-US",
      "size": 9504
    },
    "en_Hello, this is a test of Baidu TTS service.": {
      "filename": "en_Hello,_this_is_a_test_of_Baidu_TTS_service..mp3",
      "text": "Hello, this is a test of Baidu TTS service.",
      "language": "en-US",
      "size": 26784
    },
    "en_twenty": {
      "filename": "en_twenty.mp3",
      "text": "twenty",
      "language": "en-US",
      "size": 8640
    },
    "en_I have twenty stickers.": {
      "filename": "en_I_have_twenty_stickers..mp3",
      "text": "I have twenty stickers.",
      "language": "en-US",
      "size": 13248
    },
    "en_avocado": {
      "filename": "en_avocado.mp3",
      "text": "avocado",
      "language": "en-US",
      "size": 10656
    },
    "en_The avocado is green and creamy.": {
      "filename": "en_The_avocado_is_green_and_creamy..mp3",
      "text": "The avocado is green and creamy.",
      "language": "en-US",
      "size": 16704
    },
    "en_watermelon": {
      "filename": "en_watermelon.mp3",
      "text": "watermelon",
      "language": "en-US",
      "size": 11232
    },
    "en_raspberry": {
      "filename": "en_raspberry.mp3",
      "text": "raspberry",
      "language": "en-US",
      "size": 10368
    },
    "en_The raspberry is red and tart.": {
      "filename": "en_The_raspberry_is_red_and_tart..mp3",
      "text": "The raspberry is red and tart.",
      "language": "en-US",
      "size": 16416
    },
    "en_apricot": {
      "filename": "en_apricot.mp3",
      "text": "apricot",
      "language": "en-US",
      "size": 10656
    },
    "en_blueberry": {
      "filename": "en_blueberry.mp3",
      "text": "blueberry",
      "language": "en-US",
      "size": 10368
    },
    "en_sunny": {
      "filename": "en_sunny.mp3",
      "text": "sunny",
      "language": "en-US",
      "size": 6912
    },
    "en_snowy": {
      "filename": "en_snowy.mp3",
      "text": "snowy",
      "language": "en-US",
      "size": 8928
    },
    "en_hot": {
      "filename": "en_hot.mp3",
      "text": "hot",
      "language": "en-US",
      "size": 7488
    },
    "en_rainy": {
      "filename": "en_rainy.mp3",
      "text": "rainy",
      "language": "en-US",
      "size": 8352
    },
    "en_cold": {
      "filename": "en_cold.mp3",
      "text": "cold",
      "language": "en-US",
      "size": 8064
    },
    "en_warm": {
      "filename": "en_warm.mp3",
      "text": "warm",
      "language": "en-US",
      "size": 8064
    },
    "en_windy": {
      "filename": "en_windy.mp3",
      "text": "windy",
      "language": "en-US",
      "size": 8640
    },
    "en_cloudy": {
      "filename": "en_cloudy.mp3",
      "text": "cloudy",
      "language": "en-US",
      "size": 8928
    },
    "en_monkey": {
      "filename": "en_monkey.mp3",
      "text": "monkey",
      "language": "en-US",
      "size": 8928
    },
    "en_deer": {
      "filename": "en_deer.mp3",
      "text": "deer",
      "language": "en-US",
      "size": 7776
    },
    "en_bee": {
      "filename": "en_bee.mp3",
      "text": "bee",
      "language": "en-US",
      "size": 7200
    },
    "en_elephant": {
      "filename": "en_elephant.mp3",
      "text": "elephant",
      "language": "en-US",
      "size": 10080
    },
    "en_turtle": {
      "filename": "en_turtle.mp3",
      "text": "turtle",
      "language": "en-US",
      "size": 8640
    },
    "en_kangaroo": {
      "filename": "en_kangaroo.mp3",
      "text": "kangaroo",
      "language": "en-US",
      "size": 10080
    },
    "en_panda": {
      "filename": "en_panda.mp3",
      "text": "panda",
      "language": "en-US",
      "size": 8352
    },
    "en_frog": {
      "filename": "en_frog.mp3",
      "text": "frog",
      "language": "en-US",
      "size": 8064
    },
    "en_cat": {
      "filename": "en_cat.mp3",
      "text": "cat",
      "language": "en-US",
      "size": 7776
    },
    "en_wolf": {
      "filename": "en_wolf.mp3",
      "text": "wolf",
      "language": "en-US",
      "size": 8064
    },
    "en_cow": {
      "filename": "en_cow.mp3",
      "text": "cow",
      "language": "en-US",
      "size": 7776
    },
    "en_bird": {
      "filename": "en_bird.mp3",
      "text": "bird",
      "language": "en-US",
      "size": 7488
    },
    "en_dog": {
      "filename": "en_dog.mp3",
      "text": "dog",
      "language": "en-US",
      "size": 7200
    },
    "en_spider": {
      "filename": "en_spider.mp3",
      "text": "spider",
      "language": "en-US",
      "size": 9504
    },
    "en_tiger": {
      "filename": "en_tiger.mp3",
      "text": "tiger",
      "language": "en-US",
      "size": 8928
    },
    "en_ant": {
      "filename": "en_ant.mp3",
      "text": "ant",
      "language": "en-US",
      "size": 7776
    },
    "en_giraffe": {
      "filename": "en_giraffe.mp3",
      "text": "giraffe",
      "language": "en-US",
      "size": 9504
    },
    "en_lion": {
      "filename": "en_lion.mp3",
      "text": "lion",
      "language": "en-US",
      "size": 8352
    },
    "en_duck": {
      "filename": "en_duck.mp3",
      "text": "duck",
      "language": "en-US",
      "size": 7488
    },
    "en_snake": {
      "filename": "en_snake.mp3",
      "text": "snake",
      "language": "en-US",
      "size": 8640
    },
    "en_bear": {
      "filename": "en_bear.mp3",
      "text": "bear",
      "language": "en-US",
      "size": 7488
    },
    "en_chicken": {
      "filename": "en_chicken.mp3",
      "text": "chicken",
      "language": "en-US",
      "size": 8928
    },
    "en_rabbit": {
      "filename": "en_rabbit.mp3",
      "text": "rabbit",
      "language": "en-US",
      "size": 8640
    },
    "en_pig": {
      "filename": "en_pig.mp3",
      "text": "pig",
      "language": "en-US",
      "size": 7200
    },
    "en_horse": {
      "filename": "en_horse.mp3",
      "text": "horse",
      "language": "en-US",
      "size": 8640
    },
    "en_fish": {
      "filename": "en_fish.mp3",
      "text": "fish",
      "language": "en-US",
      "size": 7776
    },
    "en_fox": {
      "filename": "en_fox.mp3",
      "text": "fox",
      "language": "en-US",
      "size": 8928
    },
    "en_butterfly": {
      "filename": "en_butterfly.mp3",
      "text": "butterfly",
      "language": "en-US",
      "size": 10656
    },
    "en_sheep": {
      "filename": "en_sheep.mp3",
      "text": "sheep",
      "language": "en-US",
      "size": 7776
    },
    "en_pineapple": {
      "filename": "en_pineapple.mp3",
      "text": "pineapple",
      "language": "en-US",
      "size": 10368
    },
    "en_guava": {
      "filename": "en_guava.mp3",
      "text": "guava",
      "language": "en-US",
      "size": 8064
    },
    "en_apple": {
      "filename": "en_apple.mp3",
      "text": "apple",
      "language": "en-US",
      "size": 8064
    },
    "en_plum": {
      "filename": "en_plum.mp3",
      "text": "plum",
      "language": "en-US",
      "size": 7776
    },
    "en_coconut": {
      "filename": "en_coconut.mp3",
      "text": "coconut",
      "language": "en-US",
      "size": 9792
    },
    "en_lemon": {
      "filename": "en_lemon.mp3",
      "text": "lemon",
      "language": "en-US",
      "size": 8640
    },
    "en_kiwi": {
      "filename": "en_kiwi.mp3",
      "text": "kiwi",
      "language": "en-US",
      "size": 8640
    },
    "en_strawberry": {
      "filename": "en_strawberry.mp3",
      "text": "strawberry",
      "language": "en-US",
      "size": 10944
    },
    "en_papaya": {
      "filename": "en_papaya.mp3",
      "text": "papaya",
      "language": "en-US",
      "size": 10368
    },
    "en_blackberry": {
      "filename": "en_blackberry.mp3",
      "text": "blackberry",
      "language": "en-US",
      "size": 10656
    },
    "en_mango": {
      "filename": "en_mango.mp3",
      "text": "mango",
      "language": "en-US",
      "size": 8928
    },
    "en_pear": {
      "filename": "en_pear.mp3",
      "text": "pear",
      "language": "en-US",
      "size": 7776
    },
    "en_peach": {
      "filename": "en_peach.mp3",
      "text": "peach",
      "language": "en-US",
      "size": 7776
    },
    "en_banana": {
      "filename": "en_banana.mp3",
      "text": "banana",
      "language": "en-US",
      "size": 9504
    },
    "en_grape": {
      "filename": "en_grape.mp3",
      "text": "grape",
      "language": "en-US",
      "size": 7776
    },
    "en_white": {
      "filename": "en_white.mp3",
      "text": "white",
      "language": "en-US",
      "size": 7776
    },
    "en_red": {
      "filename": "en_red.mp3",
      "text": "red",
      "language": "en-US",
      "size": 7200
    },
    "en_blue": {
      "filename": "en_blue.mp3",
      "text": "blue",
      "language": "en-US",
      "size": 7776
    },
    "en_green": {
      "filename": "en_green.mp3",
      "text": "green",
      "language": "en-US",
      "size": 8064
    },
    "en_silver": {
      "filename": "en_silver.mp3",
      "text": "silver",
      "language": "en-US",
      "size": 9216
    },
    "en_brown": {
      "filename": "en_brown.mp3",
      "text": "brown",
      "language": "en-US",
      "size": 8640
    },
    "en_black": {
      "filename": "en_black.mp3",
      "text": "black",
      "language": "en-US",
      "size": 8064
    },
    "en_gold": {
      "filename": "en_gold.mp3",
      "text": "gold",
      "language": "en-US",
      "size": 7776
    },
    "en_pink": {
      "filename": "en_pink.mp3",
      "text": "pink",
      "language": "en-US",
      "size": 7776
    },
    "en_purple": {
      "filename": "en_purple.mp3",
      "text": "purple",
      "language": "en-US",
      "size": 8352
    },
    "en_hundred": {
      "filename": "en_hundred.mp3",
      "text": "hundred",
      "language": "en-US",
      "size": 9504
    },
    "en_one": {
      "filename": "en_one.mp3",
      "text": "one",
      "language": "en-US",
      "size": 7200
    },
    "en_two": {
      "filename": "en_two.mp3",
      "text": "two",
      "language": "en-US",
      "size": 7488
    },
    "en_four": {
      "filename": "en_four.mp3",
      "text": "four",
      "language": "en-US",
      "size": 7776
    },
    "en_seven": {
      "filename": "en_seven.mp3",
      "text": "seven",
      "language": "en-US",
      "size": 8928
    },
    "en_five": {
      "filename": "en_five.mp3",
      "text": "five",
      "language": "en-US",
      "size": 8064
    },
    "en_three": {
      "filename": "en_three.mp3",
      "text": "three",
      "language": "en-US",
      "size": 8352
    },
    "en_nine": {
      "filename": "en_nine.mp3",
      "text": "nine",
      "language": "en-US",
      "size": 8640
    },
    "en_ten": {
      "filename": "en_ten.mp3",
      "text": "ten",
      "language": "en-US",
      "size": 7776
    },
    "en_six": {
      "filename": "en_six.mp3",
      "text": "six",
      "language": "en-US",
      "size": 8640
    },
    "en_eleven": {
      "filename": "en_eleven.mp3",
      "text": "eleven",
      "language": "en-US",
      "size": 9216
    },
    "en_eight": {
      "filename": "en_eight.mp3",
      "text": "eight",
      "language": "en-US",
      "size": 7488
    },
    "en_baby": {
      "filename": "en_baby.mp3",
      "text": "baby",
      "language": "en-US",
      "size": 8064
    },
    "en_grandmother": {
      "filename": "en_grandmother.mp3",
      "text": "grandmother",
      "language": "en-US",
      "size": 10368
    },
    "en_uncle": {
      "filename": "en_uncle.mp3",
      "text": "uncle",
      "language": "en-US",
      "size": 8352
    },
    "en_sister": {
      "filename": "en_sister.mp3",
      "text": "sister",
      "language": "en-US",
      "size": 9504
    },
    "en_cousin": {
      "filename": "en_cousin.mp3",
      "text": "cousin",
      "language": "en-US",
      "size": 8928
    },
    "en_father": {
      "filename": "en_father.mp3",
      "text": "father",
      "language": "en-US",
      "size": 8928
    },
    "en_mother": {
      "filename": "en_mother.mp3",
      "text": "mother",
      "language": "en-US",
      "size": 8640
    },
    "en_grandfather": {
      "filename": "en_grandfather.mp3",
      "text": "grandfather",
      "language": "en-US",
      "size": 10944
    },
    "en_arm": {
      "filename": "en_arm.mp3",
      "text": "arm",
      "language": "en-US",
      "size": 7200
    },
    "en_drink": {
      "filename": "en_drink.mp3",
      "text": "drink",
      "language": "en-US",
      "size": 7776
    },
    "en_head": {
      "filename": "en_head.mp3",
      "text": "head",
      "language": "en-US",
      "size": 7488
    },
    "en_run": {
      "filename": "en_run.mp3",
      "text": "run",
      "language": "en-US",
      "size": 7488
    },
    "en_tea": {
      "filename": "en_tea.mp3",
      "text": "tea",
      "language": "en-US",
      "size": 7200
    },
    "en_basket": {
      "filename": "en_basket.mp3",
      "text": "basket",
      "language": "en-US",
      "size": 9216
    },
    "en_jump": {
      "filename": "en_jump.mp3",
      "text": "jump",
      "language": "en-US",
      "size": 8064
    },
    "en_onion": {
      "filename": "en_onion.mp3",
      "text": "onion",
      "language": "en-US",
      "size": 8640
    },
    "en_juice": {
      "filename": "en_juice.mp3",
      "text": "juice",
      "language": "en-US",
      "size": 8064
    },
    "en_foot": {
      "filename": "en_foot.mp3",
      "text": "foot",
      "language": "en-US",
      "size": 7200
    },
    "en_table": {
      "filename": "en_table.mp3",
      "text": "table",
      "language": "en-US",
      "size": 8640
    },
    "en_hand": {
      "filename": "en_hand.mp3",
      "text": "hand",
      "language": "en-US",
      "size": 8640
    },
    "en_teddy bear": {
      "filename": "en_teddy_bear.mp3",
      "text": "teddy bear",
      "language": "en-US",
      "size": 10944
    },
    "en_bicycle": {
      "filename": "en_bicycle.mp3",
      "text": "bicycle",
      "language": "en-US",
      "size": 9792
    },
    "en_pants": {
      "filename": "en_pants.mp3",
      "text": "pants",
      "language": "en-US",
      "size": 8928
    },
    "en_truck": {
      "filename": "en_truck.mp3",
      "text": "truck",
      "language": "en-US",
      "size": 7776
    },
    "en_water": {
      "filename": "en_water.mp3",
      "text": "water",
      "language": "en-US",
      "size": 8352
    },
    "en_spoon": {
      "filename": "en_spoon.mp3",
      "text": "spoon",
      "language": "en-US",
      "size": 8928
    },
    "en_sweater": {
      "filename": "en_sweater.mp3",
      "text": "sweater",
      "language": "en-US",
      "size": 9216
    },
    "en_clock": {
      "filename": "en_clock.mp3",
      "text": "clock",
      "language": "en-US",
      "size": 8064
    },
    "en_blanket": {
      "filename": "en_blanket.mp3",
      "text": "blanket",
      "language": "en-US",
      "size": 9504
    },
    "en_refrigerator": {
      "filename": "en_refrigerator.mp3",
      "text": "refrigerator",
      "language": "en-US",
      "size": 12672
    },
    "en_sandwich": {
      "filename": "en_sandwich.mp3",
      "text": "sandwich",
      "language": "en-US",
      "size": 10656
    },
    "en_scissors": {
      "filename": "en_scissors.mp3",
      "text": "scissors",
      "language": "en-US",
      "size": 10080
    },
    "en_cake": {
      "filename": "en_cake.mp3",
      "text": "cake",
      "language": "en-US",
      "size": 7776
    },
    "en_classroom": {
      "filename": "en_classroom.mp3",
      "text": "classroom",
      "language": "en-US",
      "size": 10368
    },
    "en_carrot": {
      "filename": "en_carrot.mp3",
      "text": "carrot",
      "language": "en-US",
      "size": 8928
    },
    "en_chair": {
      "filename": "en_chair.mp3",
      "text": "chair",
      "language": "en-US",
      "size": 7776
    },
    "en_train": {
      "filename": "en_train.mp3",
      "text": "train",
      "language": "en-US",
      "size": 8352
    },
    "en_bag": {
      "filename": "en_bag.mp3",
      "text": "bag",
      "language": "en-US",
      "size": 7200
    },
    "en_tooth": {
      "filename": "en_tooth.mp3",
      "text": "tooth",
      "language": "en-US",
      "size": 7776
    },
    "en_plane": {
      "filename": "en_plane.mp3",
      "text": "plane",
      "language": "en-US",
      "size": 8640
    },
    "en_toothbrush": {
      "filename": "en_toothbrush.mp3",
      "text": "toothbrush",
      "language": "en-US",
      "size": 10656
    },
    "en_bus": {
      "filename": "en_bus.mp3",
      "text": "bus",
      "language": "en-US",
      "size": 7776
    },
    "en_salad": {
      "filename": "en_salad.mp3",
      "text": "salad",
      "language": "en-US",
      "size": 8928
    },
    "en_cup": {
      "filename": "en_cup.mp3",
      "text": "cup",
      "language": "en-US",
      "size": 7488
    },
    "en_nose": {
      "filename": "en_nose.mp3",
      "text": "nose",
      "language": "en-US",
      "size": 8352
    },
    "en_bread": {
      "filename": "en_bread.mp3",
      "text": "bread",
      "language": "en-US",
      "size": 7488
    },
    "en_sit": {
      "filename": "en_sit.mp3",
      "text": "sit",
      "language": "en-US",
      "size": 7776
    },
    "en_aunt": {
      "filename": "en_aunt.mp3",
      "text": "aunt",
      "language": "en-US",
      "size": 7776
    },
    "en_sleep": {
      "filename": "en_sleep.mp3",
      "text": "sleep",
      "language": "en-US",
      "size": 8064
    },
    "en_dance": {
      "filename": "en_dance.mp3",
      "text": "dance",
      "language": "en-US",
      "size": 8064
    },
    "en_eat": {
      "filename": "en_eat.mp3",
      "text": "eat",
      "language": "en-US",
      "size": 7200
    },
    "en_car": {
      "filename": "en_car.mp3",
      "text": "car",
      "language": "en-US",
      "size": 7488
    },
    "en_cookie": {
      "filename": "en_cookie.mp3",
      "text": "cookie",
      "language": "en-US",
      "size": 8640
    },
    "en_milk": {
      "filename": "en_milk.mp3",
      "text": "milk",
      "language": "en-US",
      "size": 7776
    },
    "en_puzzle": {
      "filename": "en_puzzle.mp3",
      "text": "puzzle",
      "language": "en-US",
      "size": 8352
    },
    "en_coffee": {
      "filename": "en_coffee.mp3",
      "text": "coffee",
      "language": "en-US",
      "size": 8640
    },
    "en_ruler": {
      "filename": "en_ruler.mp3",
      "text": "ruler",
      "language": "en-US",
      "size": 8352
    },
    "en_comb": {
      "filename": "en_comb.mp3",
      "text": "comb",
      "language": "en-US",
      "size": 7776
    },
    "en_bottle": {
      "filename": "en_bottle.mp3",
      "text": "bottle",
      "language": "en-US",
      "size": 8064
    },
    "en_pencil": {
      "filename": "en_pencil.mp3",
      "text": "pencil",
      "language": "en-US",
      "size": 8640
    },
    "en_eraser": {
      "filename": "en_eraser.mp3",
      "text": "eraser",
      "language": "en-US",
      "size": 10080
    },
    "en_computer": {
      "filename": "en_computer.mp3",
      "text": "computer",
      "language": "en-US",
      "size": 10368
    },
    "en_read": {
      "filename": "en_read.mp3",
      "text": "read",
      "language": "en-US",
      "size": 7200
    },
    "en_ball": {
      "filename": "en_ball.mp3",
      "text": "ball",
      "language": "en-US",
      "size": 7488
    },
    "en_door": {
      "filename": "en_door.mp3",
      "text": "door",
      "language": "en-US",
      "size": 7488
    },
    "en_hamburger": {
      "filename": "en_hamburger.mp3",
      "text": "hamburger",
      "language": "en-US",
      "size": 10368
    },
    "en_fork": {
      "filename": "en_fork.mp3",
      "text": "fork",
      "language": "en-US",
      "size": 8064
    },
    "en_hair": {
      "filename": "en_hair.mp3",
      "text": "hair",
      "language": "en-US",
      "size": 7776
    },
    "en_key": {
      "filename": "en_key.mp3",
      "text": "key",
      "language": "en-US",
      "size": 7200
    },
    "en_plate": {
      "filename": "en_plate.mp3",
      "text": "plate",
      "language": "en-US",
      "size": 8064
    },
    "en_lamp": {
      "filename": "en_lamp.mp3",
      "text": "lamp",
      "language": "en-US",
      "size": 8064
    },
    "en_walk": {
      "filename": "en_walk.mp3",
      "text": "walk",
      "language": "en-US",
      "size": 7776
    },
    "en_helicopter": {
      "filename": "en_helicopter.mp3",
      "text": "helicopter",
      "language": "en-US",
      "size": 11808
    },
    "en_boat": {
      "filename": "en_boat.mp3",
      "text": "boat",
      "language": "en-US",
      "size": 7488
    },
    "en_soap": {
      "filename": "en_soap.mp3",
      "text": "soap",
      "language": "en-US",
      "size": 7776
    },
    "en_jacket": {
      "filename": "en_jacket.mp3",
      "text": "jacket",
      "language": "en-US",
      "size": 8640
    },
    "en_robot": {
      "filename": "en_robot.mp3",
      "text": "robot",
      "language": "en-US",
      "size": 9216
    },
    "en_soup": {
      "filename": "en_soup.mp3",
      "text": "soup",
      "language": "en-US",
      "size": 7776
    },
    "en_towel": {
      "filename": "en_towel.mp3",
      "text": "towel",
      "language": "en-US",
      "size": 7776
    },
    "en_kite": {
      "filename": "en_kite.mp3",
      "text": "kite",
      "language": "en-US",
      "size": 7776
    },
    "en_stand": {
      "filename": "en_stand.mp3",
      "text": "stand",
      "language": "en-US",
      "size": 9216
    },
    "en_meat": {
      "filename": "en_meat.mp3",
      "text": "meat",
      "language": "en-US",
      "size": 7488
    },
    "en_mirror": {
      "filename": "en_mirror.mp3",
      "text": "mirror",
      "language": "en-US",
      "size": 8352
    },
    "en_shoes": {
      "filename": "en_shoes.mp3",
      "text": "shoes",
      "language": "en-US",
      "size": 8064
    },
    "en_ice cream": {
      "filename": "en_ice_cream.mp3",
      "text": "ice cream",
      "language": "en-US",
      "size": 10368
    },
    "en_egg": {
      "filename": "en_egg.mp3",
      "text": "egg",
      "language": "en-US",
      "size": 6912
    },
    "en_leg": {
      "filename": "en_leg.mp3",
      "text": "leg",
      "language": "en-US",
      "size": 7200
    },
    "en_motorcycle": {
      "filename": "en_motorcycle.mp3",
      "text": "motorcycle",
      "language": "en-US",
      "size": 11808
    },
    "en_book": {
      "filename": "en_book.mp3",
      "text": "book",
      "language": "en-US",
      "size": 7488
    },
    "en_tomato": {
      "filename": "en_tomato.mp3",
      "text": "tomato",
      "language": "en-US",
      "size": 9504
    },
    "en_bowl": {
      "filename": "en_bowl.mp3",
      "text": "bowl",
      "language": "en-US",
      "size": 7776
    },
    "en_television": {
      "filename": "en_television.mp3",
      "text": "television",
      "language": "en-US",
      "size": 10944
    },
    "en_blackboard": {
      "filename": "en_blackboard.mp3",
      "text": "blackboard",
      "language": "en-US",
      "size": 10944
    },
    "en_knife": {
      "filename": "en_knife.mp3",
      "text": "knife",
      "language": "en-US",
      "size": 8064
    },
    "en_pizza": {
      "filename": "en_pizza.mp3",
      "text": "pizza",
      "language": "en-US",
      "size": 8928
    },
    "en_ear": {
      "filename": "en_ear.mp3",
      "text": "ear",
      "language": "en-US",
      "size": 7488
    },
    "en_noodles": {
      "filename": "en_noodles.mp3",
      "text": "noodles",
      "language": "en-US",
      "size": 9792
    },
    "en_blocks": {
      "filename": "en_blocks.mp3",
      "text": "blocks",
      "language": "en-US",
      "size": 8928
    },
    "en_sing": {
      "filename": "en_sing.mp3",
      "text": "sing",
      "language": "en-US",
      "size": 7776
    },
    "en_mouth": {
      "filename": "en_mouth.mp3",
      "text": "mouth",
      "language": "en-US",
      "size": 8352
    },
    "en_window": {
      "filename": "en_window.mp3",
      "text": "window",
      "language": "en-US",
      "size": 8640
    },
    "en_bed": {
      "filename": "en_bed.mp3",
      "text": "bed",
      "language": "en-US",
      "size": 7200
    },
    "en_eye": {
      "filename": "en_eye.mp3",
      "text": "eye",
      "language": "en-US",
      "size": 7200
    },
    "en_hat": {
      "filename": "en_hat.mp3",
      "text": "hat",
      "language": "en-US",
      "size": 7488
    },
    "en_ship": {
      "filename": "en_ship.mp3",
      "text": "ship",
      "language": "en-US",
      "size": 7776
    },
    "en_shirt": {
      "filename": "en_shirt.mp3",
      "text": "shirt",
      "language": "en-US",
      "size": 8352
    },
    "en_candy": {
      "filename": "en_candy.mp3",
      "text": "candy",
      "language": "en-US",
      "size": 8640
    },
    "en_swim": {
      "filename": "en_swim.mp3",
      "text": "swim",
      "language": "en-US",
      "size": 8064
    },
    "en_vegetable": {
      "filename": "en_vegetable.mp3",
      "text": "vegetable",
      "language": "en-US",
      "size": 10080
    },
    "en_doll": {
      "filename": "en_doll.mp3",
      "text": "doll",
      "language": "en-US",
      "size": 7488
    },
    "en_play": {
      "filename": "en_play.mp3",
      "text": "play",
      "language": "en-US",
      "size": 8064
    },
    "en_rice": {
      "filename": "en_rice.mp3",
      "text": "rice",
      "language": "en-US",
      "size": 8064
    },
    "en_skirt": {
      "filename": "en_skirt.mp3",
      "text": "skirt",
      "language": "en-US",
      "size": 8640
    },
    "en_coat": {
      "filename": "en_coat.mp3",
      "text": "coat",
      "language": "en-US",
      "size": 7776
    },
    "en_sofa": {
      "filename": "en_sofa.mp3",
      "text": "sofa",
      "language": "en-US",
      "size": 8928
    },
    "en_potato": {
      "filename": "en_potato.mp3",
      "text": "potato",
      "language": "en-US",
      "size": 10080
    },
    "en_student": {
      "filename": "en_student.mp3",
      "text": "student",
      "language": "en-US",
      "size": 9792
    },
    "en_write": {
      "filename": "en_write.mp3",
      "text": "write",
      "language": "en-US",
      "size": 7776
    },
    "en_pen": {
      "filename": "en_pen.mp3",
      "text": "pen",
      "language": "en-US",
      "size": 7776
    },
    "en_socks": {
      "filename": "en_socks.mp3",
      "text": "socks",
      "language": "en-US",
      "size": 9216
    },
    "en_phone": {
      "filename": "en_phone.mp3",
      "text": "phone",
      "language": "en-US",
      "size": 8352
    },
    "en_pillow": {
      "filename": "en_pillow.mp3",
      "text": "pillow",
      "language": "en-US",
      "size": 8640
    },
    "en_dress": {
      "filename": "en_dress.mp3",
      "text": "dress",
      "language": "en-US",
      "size": 8064
    },
    "en_desk": {
      "filename": "en_desk.mp3",
      "text": "desk",
      "language": "en-US",
      "size": 8064
    },
    "en_teacher": {
      "filename": "en_teacher.mp3",
      "text": "teacher",
      "language": "en-US",
      "size": 8640
    },
    "en_brush": {
      "filename": "en_brush.mp3",
      "text": "brush",
      "language": "en-US",
      "size": 8352
    }
  },
  "totalFiles": 232,
  "totalSize": 2122272,
  "generatedAt": "2025-10-25T00:00:00Z",
  "hash": "a731ee20fca4b7bdd4c717b80a5f042a"
}